Title,ADOLESCENTES,ANCIANOS,COMUNIDADES INDÍGENAS,CON ALGUNA DISCAPACIDAD,DERECHO A UNA VIDA LIBRE DE VIOLENCIA,DERECHOS HUMANOS,DISCAPACITADOS,EQUIDAD DE GÉNERO,IGUALDAD DE GÉNERO,IGUALDAD ENTRE HOMBRES Y MUJERES,IGUALDAD ENTRE MUJERES Y HOMBRES,INDÍGENA,INVÁLIDOS,MENORES DE EDAD,MUJER,MUJERES,"NIÑAS, NIÑOS",NIÑEZ,PERSONAS CON CAPACIDADES DIFERENTES,PERSONAS CON DISCAPACIDAD,PERSONAS DE LA TERCERA EDAD,PERSONAS INDÍGENAS,PERSPECTIVA DE GÉNERO,PUEBLOS INDÍGENAS,Phrase not found
BANDO-CHIH-ALLENDE.pdf,0,0,0,0,0,0,0,0,0,0,0,0,0,0,0,0,0,0,0,0,0,0,0,0,0
BANDO-CHIH-CAMARGO.pdf,0,0,0,0,0,0,0,0,0,0,0,0,0,0,0,0,0,0,0,0,0,0,0,0,0
BANDO-CHIH-CASASGRANDES.PDF,0,0,0,0,0,0,0,0,0,0,0,0,0,0,0,0,0,0,0,0,0,0,0,0,0
BANDO-CHIH-CHIHUAHUA.pdf,26,0,0,0,0,"1,4,6,9,11",0,10,0,0,0,0,0,"16,23","1,16,19","1,19",0,13,0,0,0,0,1,0,0
BANDO-CHIH-CUSIHUIRIACHI.pdf,15,7,0,0,0,"2,16",0,2,0,0,0,0,0,"7,8,13",5,5,15,15,0,0,0,0,0,0,0
BANDO-CHIH-GRANMORELOS.pdf,"12,18",15,0,0,0,13,0,0,0,0,0,0,0,"10,15,16",0,0,0,0,0,0,0,0,0,0,0
BANDO-CHIH-JALIMES.pdf,"24,49,82","8,78,82,89",0,0,0,0,0,0,0,0,0,"28,74,75",0,0,"23,24,68,69,81,82,89","23,24,68,69,82",0,"8,76,78,89",0,0,0,0,0,0,0
BANDO-CHIH-JUAREZ.pdf,0,0,0,0,0,"5,8",0,0,0,0,0,0,0,"3,7",0,0,0,0,0,3,0,0,0,0,0
BANDO-CHIH-LACRUZ.pdf,0,0,0,0,0,0,0,0,0,0,0,0,0,0,0,0,0,0,0,0,0,0,0,0,0
BANDO-DUR-INDE.pdf,0,0,0,0,0,0,0,0,0,0,0,0,0,"30,31",0,0,0,0,0,0,0,0,0,0,0
BANDO-DUR-OTAEZ.pdf,0,40,0,0,0,"2,25,31",0,25,0,0,0,0,0,"34,39,43","6,15,64",0,0,0,0,0,0,0,2,0,0
BANDO-DUR-PUEBLONUEVO.pdf,"6,21,23,24,53",74,"10,39",0,0,"1,4,5,22,33,60,83","23,66,74","4,5,25",0,0,0,"6,10,36,39,65",0,"17,66,70,75,76","1,6,11,21,25,36,39,65,74","1,6,11,21,25,39,65,74","21,23,24",24,0,"6,21,24,53,65,73",0,0,65,0,0
BANDO-DUR-SANJUANGUADALUPE.pdf,0,0,0,0,0,0,0,0,0,0,0,0,0,0,0,0,0,0,0,0,0,0,0,0,0
BANDO-DUR-TOPIA.pdf,0,44,0,0,0,26,0,26,0,0,0,0,0,"35,43,44,48","21,81",0,0,0,0,0,0,0,0,0,0
BANDO-GRO-Copala.pdf,"45,58",0,0,0,0,37,0,0,0,0,0,0,0,"23,42,43,45,46,60,61",26,0,0,0,35,0,0,0,0,0,0
BANDO-GRO-Quechultenango.pdf,0,0,0,0,0,0,0,0,0,0,0,0,0,0,0,0,0,0,0,0,0,0,0,0,0
BANDO-GRO-TAXCO.pdf,38,0,0,0,0,0,0,0,0,0,0,51,0,"20,36,37,38,39,52,53,54",22,0,0,0,30,0,0,0,0,0,0
BANDO-GRO-Zitlala.pdf,46,0,0,0,0,"1,2,3,12,27",0,0,0,0,0,3,0,0,"3,15",0,0,27,0,0,0,0,0,0,0
BANDO-OAX-ASUNCIONCUYOTEPEJI.pdf,0,0,0,0,0,0,0,0,0,0,0,0,0,0,0,0,0,0,0,0,0,0,0,0,0
BANDO-OAX-ASUNCIONIXALTEPEC.pdf,0,0,0,0,0,0,0,0,0,0,0,0,0,0,0,0,0,0,0,0,0,0,0,0,0
BANDO-OAX-ASUNCIONOCH.pdf,0,0,0,0,0,0,0,0,0,0,0,0,0,0,0,0,0,0,0,0,0,0,0,0,0
BANDO-OAX-CAPULAPAMDEMENDEZ.pdf,0,0,0,0,0,0,0,0,0,0,0,0,0,0,0,0,0,0,0,0,0,0,0,0,0
BANDO-OAX-CHALCATONGO.pdf,0,0,0,0,0,0,0,0,0,0,0,0,0,0,0,0,0,0,0,0,0,0,0,0,0
BANDO-OAX-CIUDADIXTEPEC.pdf,0,0,0,0,0,0,0,0,0,0,0,0,0,0,0,0,0,0,0,0,0,0,0,0,0
BANDO-OAX-COSOLAPA.pdf,31,0,0,0,0,"1,2,22",10,14,3,0,0,0,0,29,"1,6,27","1,6,27",0,0,1,"3,10",10,0,1,0,0
BANDO-OAX-COSOLTEPEC.pdf,0,0,0,0,0,0,0,0,0,0,0,0,0,0,0,0,0,0,0,0,0,0,0,0,0
BANDO-OAX-CUILAPAMDEGRO.pdf,0,0,0,0,0,0,0,0,0,0,0,0,0,0,0,0,0,0,0,0,0,0,0,0,0
BANDO-OAX-ELESPINAL.pdf,0,0,0,0,0,0,0,0,0,0,0,0,0,0,0,0,0,0,0,0,0,0,0,0,0
BANDO-OAX-FRESNO.pdf,0,0,0,0,0,0,0,0,0,0,0,0,0,0,0,0,0,0,0,0,0,0,0,0,0
BANDO-OAX-HEROICAHUJUAPAN.pdf,0,0,0,0,0,0,3,0,"2,4",0,0,0,0,0,0,0,0,0,0,0,0,0,0,0,0
BANDO-OAX-IXPANTEPEC.pdf,0,0,0,0,0,0,0,0,0,0,0,0,0,0,0,0,0,0,0,0,0,0,0,0,0
BANDO-OAX-JAMILTEPEC.pdf,0,0,0,0,0,0,0,0,0,0,0,0,0,0,0,0,0,0,0,0,0,0,0,0,0
BANDO-OAX-MATIASROMERO.pdf,0,0,0,0,0,0,0,0,0,0,0,0,0,0,0,0,0,0,0,0,0,0,0,0,0
BANDO-OAX-NAZARENO.pdf,0,0,0,0,0,0,0,0,0,0,0,0,0,0,0,0,0,0,0,0,0,0,0,0,0
BANDO-OAX-OAXACA.pdf,"15,124,129,169",0,0,0,0,"5,37,54,59,96,98,100,103,124,149",0,0,"37,45",0,170,"37,56",0,0,"7,15,31,45,170","15,45,170","15,169",133,0,"15,27,28,104",0,0,"45,170",0,0
BANDO-OAX-PINOTEPA.pdf,0,0,0,0,0,0,0,0,0,0,0,0,0,0,0,0,0,0,0,0,0,0,0,0,0
BANDO-OAX-SANBALTAZARLOXICHA.pdf,0,0,0,0,0,0,0,0,0,0,0,0,0,0,0,0,0,0,0,0,0,0,0,0,0
BANDO-OAX-SANJERONIMOSILACAYOAPILLA.pdf,0,0,0,0,0,0,0,0,0,0,0,0,0,0,0,0,0,0,0,0,0,0,0,0,0
BANDO-OAX-SANMIGUELAMATITLAN.pdf,0,0,0,0,0,0,0,0,0,0,0,0,0,0,0,0,0,0,0,0,0,0,0,0,0
BANDO-OAX-SANTAMARAHUAZOLOTLAN.pdf,0,0,0,0,0,0,0,0,0,0,0,0,0,0,0,0,0,0,0,0,0,0,0,0,0
BANDO-OAX-SANTAMARIAJALAPA.pdf,0,0,0,0,0,0,0,0,0,0,0,0,0,0,0,0,0,0,0,0,0,0,0,0,0
BANDO-OAX-SANTAMARIATULE.pdf,0,0,0,0,0,0,0,0,0,0,0,0,0,0,0,0,0,0,0,0,0,0,0,0,0
BANDO-OAX-SANTAMARIAZOQUITLAN.pdf,0,0,0,0,0,0,0,0,0,0,0,0,0,0,0,0,0,0,0,0,0,0,0,0,0
BANDO-OAX-SANTIAGOAYUQUILLA.pdf,0,0,0,0,0,0,0,0,0,0,0,0,0,0,0,0,0,0,0,0,0,0,0,0,0
BANDO-OAX-SANTIAGOCACALOXTEPEC.pdf,0,0,0,0,0,0,0,0,0,0,0,0,0,0,0,0,0,0,0,0,0,0,0,0,0
BANDO-OAX-SANTIAGOCHAZUMBA.pdf,0,0,0,0,0,0,0,0,0,0,0,0,0,0,0,0,0,0,0,0,0,0,0,0,0
BANDO-OAX-SANTIAGOCOMALTEPEC.pdf,0,0,0,0,0,0,0,0,0,0,0,0,0,0,0,0,0,0,0,0,0,0,0,0,0
BANDO-OAX-SANTIAGODELRIO.pdf,0,0,0,0,0,0,0,0,0,0,0,0,0,0,0,0,0,0,0,0,0,0,0,0,0
BANDO-OAX-SANTIAGOSUCHILQUITONGO.pdf,0,0,0,0,0,0,0,0,0,0,0,0,0,0,0,0,0,0,0,0,0,0,0,0,0
BANDO-OAX-SANTIAGOTAMAZOLA.pdf,0,0,0,0,0,0,0,0,0,0,0,0,0,0,0,0,0,0,0,0,0,0,0,0,0
BANDO-OAX-SILACAYOAPAM.pdf,0,0,0,0,0,0,0,0,0,0,0,0,0,0,0,0,0,0,0,0,0,0,0,0,0
BANDO-OAX-SOLEDADETLA.pdf,0,0,0,0,0,0,0,0,0,0,0,0,0,0,0,0,0,0,0,0,0,0,0,0,0
BANDO-OAX-STAMARIAHUATULCO.pdf,0,0,0,0,0,0,0,0,0,0,0,0,0,0,0,0,0,0,0,0,0,0,0,0,0
BANDO-OAX-San Andrés Huaxpaltepec.pdf,0,0,0,0,0,0,0,0,0,0,0,0,0,0,0,0,0,0,0,0,0,0,0,0,0
BANDO-OAX-San Cristóbal Suchixtlahuaca.pdf,0,0,0,0,0,0,0,0,0,0,0,0,0,0,0,0,0,0,0,0,0,0,0,0,0
BANDO-OAX-San Francisco Telixtlahuaca.pdf,0,0,0,0,0,0,0,0,0,0,0,0,0,0,0,0,0,0,0,0,0,0,0,0,0
BANDO-OAX-SantiagoJuxtlahuaca.pdf,0,0,0,0,0,0,0,0,0,0,0,0,0,0,0,0,0,0,0,0,0,0,0,0,0
BANDO-OAX-SantiagoYolomécatl.pdf,0,0,0,0,0,0,0,0,0,0,0,0,0,0,0,0,0,0,0,0,0,0,0,0,0
BANDO-OAX-SantoDomingoTehuantepec.pdf,15,17,0,0,0,15,0,0,0,0,0,0,0,0,"2,3,17","3,17",0,0,0,0,0,0,0,0,0
BANDO-OAX-SantoDomingoTonaltepec.pdf,0,0,0,0,0,0,0,0,0,0,0,0,0,0,0,0,0,0,0,0,0,0,0,0,0
BANDO-OAX-SantoDomingoTonalá.pdf,0,0,0,0,0,0,0,0,0,0,0,0,0,0,0,0,0,0,0,0,0,0,0,0,0
BANDO-OAX-SantoDomingoYodohino.pdf,0,0,0,0,0,0,0,0,0,0,0,0,0,0,0,0,0,0,0,0,0,0,0,0,0
BANDO-OAX-SantoTomásMazaltepec.pdf,0,0,0,0,0,0,0,0,0,0,0,0,0,0,0,0,0,0,0,0,0,0,0,0,0
BANDO-OAX-TanetzedeZaragoza.pdf,0,0,0,0,0,0,0,0,0,0,0,0,0,0,0,0,0,0,0,0,0,0,0,0,0
BANDO-OAX-Teotongo.pdf,10,0,0,0,0,"2,3,10,13,16,17,21,32,35",0,16,0,0,0,2,0,"9,31,38","8,9,13,17,30,32,33,34,35","8,9,13,17,30,32,33,34,35",10,0,0,10,0,0,"17,32",2,0
BANDO-OAX-Tezoatlán de Segura y Luna.pdf,0,0,0,0,0,0,0,0,0,0,0,0,0,0,0,0,0,0,0,0,0,0,0,0,0
BANDO-OAX-TlacoluladeMatamoros.pdf,0,0,0,0,0,0,0,0,0,0,0,0,0,0,0,0,0,0,0,0,0,0,0,0,0
BANDO-OAX-VILLADIAZORDAZ.pdf,0,0,0,0,0,0,0,0,0,0,0,0,0,0,0,0,0,0,0,0,0,0,0,0,0
BANDO-OAX-VilladeTamazulápamdelProgreso.pdf,0,0,0,0,0,0,0,0,0,0,0,0,0,0,0,0,0,0,0,0,0,0,0,0,0
BANDO-OAX-ZAPOTITLANLAGUNAS.pdf,0,0,0,0,0,0,0,0,0,0,0,0,0,0,0,0,0,0,0,0,0,0,0,0,0
BANDO-OAX-ZIMATLANDEALVAREZ.pdf,0,0,0,0,0,0,0,0,0,0,0,0,0,0,0,0,0,0,0,0,0,0,0,0,0
BANDO-OAX-santiagoyaitepec.pdf,0,0,0,0,0,0,0,0,0,0,0,0,0,0,0,0,0,0,0,0,0,0,0,0,0
BANDO-VER-Uxpanapa.pdf,0,25,0,0,0,0,0,0,0,0,0,0,0,"24,25,26,27",0,0,0,0,0,0,0,0,0,0,0
BANDO-VER-VILLAALDAMA.pdf,"16,17,29,33,34,35,36",0,0,33,0,"3,11,12,13,15,17,23,28",0,0,"6,7",0,"3,4,5,7,8,9,10,12,13,21,26,28",0,0,"13,24,32,34,36,39,40","1,2,3,4,5,6,7,8,9,10,11,12,13,16,17,19,20,21,24,25,26,27,28,29,32,33,34,37,39,40","1,2,3,4,5,6,7,8,9,10,11,12,13,16,17,19,21,24,25,26,27,28,29,32,33,34,37,39,40","16,29,33,34,35,36",0,0,0,33,0,"1,2,3,4,5,6,7,9,10,11,12,13,16,19,20,21,22,25,26,27,28,29,37,43",0,0
BANDO-VER-Xico.pdf,0,0,0,0,0,43,"17,47",0,0,0,0,24,0,"12,14,17,21,23,24,37,41,43,44,50,53,54,58,61",0,0,0,0,0,0,"47,48",0,0,0,0
BANDO-YUC-Sotuta.pdf,0,26,0,0,0,0,22,0,0,0,0,0,0,"6,21,23,25","6,22,26,27","6,26,27",0,14,"6,14",0,0,0,0,0,0
BANDO-YUCA-IXIL.pdf,0,25,0,0,0,0,22,0,0,0,0,0,0,"8,22,23,25","8,22,25,27","8,25,27",0,15,"8,15",0,0,0,0,0,0
BANDO-YUCA-KAUA.pdf,0,0,0,0,0,0,0,0,0,0,0,0,22,"4,9,18,22,29,32,35","9,32","9,32",0,23,"9,22,23,32",0,0,0,0,0,0
BANDO-YUCA-KOPOM╡.pdf,9,0,0,0,0,"15,16",0,0,0,0,0,0,0,0,0,0,9,0,0,0,0,0,0,0,0
BANDO-YUCA-Suma.pdf,0,26,0,0,0,0,22,0,0,0,0,0,0,"7,21,22,25","7,21,26,27","7,26,27",0,14,"7,14",0,0,0,0,0,0
BANDO-YUCA-Tekom.pdf,0,26,0,0,0,0,22,0,0,0,0,0,0,"6,22,23,26","6,22,26,28","6,26,28",0,15,"6,15",0,0,0,0,0,0
BANDO-YUCA-Telchac Pueblo.pdf,0,25,0,0,0,0,22,0,0,0,0,0,0,"7,22,23,25","7,22,25,27","7,25,27",0,15,"7,15",0,0,0,0,0,0
BANDO-YUCA-Tixmehuac.pdf,0,25,0,0,0,0,21,0,0,0,0,0,0,"7,21,22,24","7,21,25,26","7,25,26",0,14,"7,14",0,0,0,0,0,0
BANDOS_DUR_NUEVOIDEAL.pdf,0,0,0,0,0,0,0,0,0,0,0,0,0,0,0,0,0,0,0,0,0,0,0,0,0
BANDO_DUR_CANATLAN.pdf,"5,34",50,0,0,0,"5,6,59",50,"5,43",0,0,0,44,44,"37,44,51,60","18,21,43,44,50","43,44,50",0,0,0,"42,43,48",0,0,0,0,0
BANDO_DUR_CUENCAME.pdf,0,37,0,0,0,0,37,0,0,0,0,0,0,"8,38","3,37",37,0,0,0,0,0,0,0,0,0
BANDO_DUR_DURANGO.pdf,"3,29,30",70,0,31,0,"3,9,10,12,19,27,28,29,36,37,46,59,66","64,70",77,"10,31",0,0,0,0,"19,22,64,70,72,73","22,31,70","22,31,70","29,30","30,61",0,"3,22,30,31,60,66,70",31,0,0,0,0
BANDO_DUR_ELORO.pdf,0,0,0,0,0,0,0,0,0,0,0,0,0,0,0,0,0,0,0,0,0,0,0,0,0
BANDO_DUR_GDLPVICT.pdf,0,0,0,0,0,0,0,0,0,0,0,0,0,0,0,0,0,0,0,0,0,0,0,0,0
BANDO_DUR_GOMEZPALACIO.pdf,0,0,0,0,0,"2,3,9,17",0,0,0,0,71,0,0,"27,35,37,41,42,72,77,86,88","3,9,13,15,18,23,24,28,42,71","3,9,13,18,23,24,28,42,71",0,0,0,0,71,0,71,0,0
BANDO_DUR_GRAL.pdf,0,29,0,0,0,"2,38",29,0,0,0,0,4,0,"30,31",29,29,0,0,0,28,0,0,0,0,0
BANDO_DUR_GUANACEVI.pdf,0,0,0,0,0,0,0,0,0,0,0,0,0,0,0,0,0,0,0,0,0,0,0,0,0
BANDO_DUR_HIDALGO.pdf,0,0,0,0,0,0,0,0,0,0,0,0,0,0,0,0,0,0,0,0,0,0,0,0,0
BANDO_DUR_LERDO.pdf,23,"26,31",0,0,0,"3,4,5,65",0,0,0,0,0,55,0,"31,32,40,61","31,40","31,40",0,26,31,0,0,0,0,0,0
BANDO_DUR_MAPIMI.pdf,0,29,0,0,0,0,0,0,0,0,0,75,0,"39,40,49,51,86","39,51",51,0,29,0,0,0,0,0,0,0
BANDO_DUR_MEZQUITAL.pdf,0,0,0,0,0,0,0,0,0,0,0,0,0,0,0,0,0,0,0,0,0,0,0,0,0
BANDO_DUR_NOMBREDEDIOS.pdf,0,0,0,0,0,0,0,0,0,0,0,0,0,0,0,0,0,0,0,0,0,0,0,0,0
BANDO_DUR_OCAMPO.pdf,0,6,0,0,0,0,0,0,0,0,0,0,0,"6,7",6,6,0,0,0,0,0,0,0,0,0
BANDO_DUR_PEÑONBLANCO.pdf,0,0,0,0,0,23,0,0,0,0,0,0,0,"4,10,19,20,21","20,21",20,0,23,0,0,0,0,0,0,0
BANDO_DUR_POANAS.pdf,26,37,0,0,0,"6,7,47",37,0,0,0,0,0,0,"38,39",37,37,0,0,0,35,0,0,0,0,0
BANDO_DUR_SANDIMAS.pdf,0,0,0,0,0,0,0,0,0,0,0,0,0,0,0,0,0,0,0,0,0,0,0,0,0
BANDO_DUR_SANJUAN.pdf,0,0,0,0,0,"2,5,8",0,0,0,0,39,0,0,"17,20,24,25,40,42,48,50","2,5,7,9,24,39","2,5,7,9,24,39",0,0,0,0,39,0,39,0,0
BANDO_DUR_SANTIAGOPAPAS.pdf,0,35,0,0,0,"2,44",35,0,0,0,0,4,0,36,35,35,0,0,0,33,0,0,0,0,0
BANDO_DUR_SLCORDERO.pdf,0,0,0,0,0,4,0,0,0,0,0,0,0,0,0,0,0,3,0,0,0,0,0,0,0
BANDO_DUR_TAMAZULA.pdf,0,73,0,0,0,"3,4,37,89",73,0,0,0,0,0,0,"34,75","34,35,73","34,73",0,37,0,0,0,0,0,0,0
BANDO_DUR_TEPEHUANES.pdf,0,0,0,0,0,0,0,0,0,0,0,0,0,0,0,0,0,0,0,0,0,0,0,0,0
BANDO_GRO_ACAPULCO.pdf,0,77,0,0,0,"21,49,50,88","29,74",0,0,0,0,0,0,"67,70,78,79","20,27,29,71","20,71",0,58,87,0,0,0,0,0,0
BANDO_GRO_ACATEPEC.pdf,"5,53,56,57,58",10,0,0,0,"4,9,11,30,41,42,43,53",42,"10,11,41,42",0,0,11,21,0,"42,46,47,58","4,9,10,11,20,21,26,35,41,42,49,56","9,10,11,35,41,42,49,56","56,57",0,10,0,42,0,42,0,0
BANDO_GRO_ATENANGODELRIO.pdf,0,0,0,0,0,1,0,0,0,0,0,0,0,0,0,0,0,18,0,0,0,0,0,0,0
BANDO_GRO_Ahuacuotzingo.pdf,0,0,0,0,0,0,0,0,0,0,0,0,0,37,10,0,0,0,0,0,0,0,0,0,0
BANDO_GRO_Ajuchitlán del Progreso.pdf,0,0,0,0,0,"3,4,5,6,12,13,15,33,40,41,77",0,0,0,0,0,0,0,"32,45,49,61,62,64,65,67","6,7,10,15,20,57","6,7,10,15,57",0,0,32,0,0,0,"6,7,24",0,0
BANDO_GRO_Alcozaucade Guerrero.pdf,0,0,0,0,0,0,0,0,0,0,0,0,0,0,0,0,0,0,0,0,0,0,0,0,0
BANDO_GRO_Apaxtla.pdf,0,0,0,0,0,0,0,0,0,0,0,0,0,0,0,0,0,0,0,0,0,0,0,0,0
BANDO_GRO_Arcelia.pdf,0,67,0,0,0,"8,24",65,0,0,0,0,0,0,"22,45,69,70","29,30,79",0,0,43,0,0,0,0,0,0,0
BANDO_GRO_Atlixtac.pdf,0,0,0,0,0,"4,24",42,0,0,4,0,0,0,"32,35,41,43,45,47,48","4,13,43,44","4,44",0,0,43,0,0,0,0,0,0
BANDO_GRO_Atoyac de ╡lvarez.pdf,0,"92,96",0,"92,96,109",0,"5,6,63,64,74",0,0,0,0,24,0,0,"86,90,92,96,98,108","6,13,24,30,40,43,72,75,110","6,13,24,75,110",0,69,"73,113",0,0,0,"6,75",0,0
BANDO_GRO_BENITOJUAREZ.pdf,0,0,0,0,0,0,0,0,0,0,0,0,0,0,0,0,0,27,0,0,0,0,0,0,0
BANDO_GRO_BUENAVISTA.pdf,0,0,0,0,0,0,0,0,0,0,0,0,0,0,0,0,0,0,0,0,0,0,0,0,0
BANDO_GRO_CHILAPA.pdf,78,"65,95",0,0,0,"14,15,73",93,0,0,0,32,"22,39,43,50,57,58,113",68,"68,69,71,78,96,97,102","15,32,39,42,65,66,113","15,32,65,66",0,65,0,102,0,0,"15,66","22,57",0
BANDO_GRO_CHILPANCINGO.pdf,0,0,0,0,0,"8,9",0,0,0,0,36,0,0,0,"6,9,24,36,44,50,54,62,80","9,24,36,62",0,62,0,0,0,0,"9,62",0,0
BANDO_GRO_Coyuca de Benítez.pdf,0,"116,119",0,"5,116,119,131",0,"9,10,84,85,87,98",0,"39,49,149",0,0,0,40,0,"31,111,115,116,119,100,000,000","10,22,31,38,39,45,60,64,96,99,132","10,22,31,39,45,99,132",0,92,"41,136","60,96,97,98",41,0,"10,45,99",0,0
BANDO_GRO_CoyucadeCatalán.pdf,0,"9,162",0,0,0,"102,146,147,148",0,0,0,106,0,0,0,"101,137,139,140,144,000,000","19,68,74,94,101,106,107,108,109,115,162","68,94,101,106,107,108,109,115,162",0,0,"114,120",0,"50,51,55,114,120",0,0,0,0
BANDO_GRO_EDUARDONERI.pdf,"4,61,62",70,0,0,0,"21,35,62,99",67,"21,62,102",0,0,0,102,0,"32,55,56,57,61,72,74","42,62",42,0,0,0,42,0,0,0,0,0
BANDO_GRO_Huamuxtitlán.pdf,0,32,0,0,0,"8,29",30,0,0,0,0,20,0,"25,27,33,34","7,19,24,28,47","7,24,28",0,0,0,0,0,0,0,0,0
BANDO_GRO_Huitzuco de los Figueroa.pdf,69,77,0,0,0,"11,24,71",74,0,0,0,33,47,0,"68,79,81","8,19,33,47,63,64,69,103","19,33,63,64,69",0,63,0,0,0,0,64,0,0
BANDO_GRO_Iguala de la Independencia.pdf,0,0,0,0,0,"45,58",26,41,0,41,0,"23,49",0,"45,54,55","23,40,41",41,0,41,0,0,0,0,0,0,0
BANDO_GRO_Iliatenco.pdf,0,0,0,0,0,0,0,0,0,0,0,0,0,0,0,0,0,0,0,0,0,0,0,0,0
BANDO_GRO_OLINALA.pdf,0,0,0,0,0,4,0,51,0,0,0,"15,51",0,0,8,8,0,27,0,0,0,0,0,0,0
BANDO_GRO_OMETEPEC.pdf,0,0,80,0,0,"6,19,20,21,28,90,109",99,"47,51,54,81",0,0,37,"19,31,80",0,"18,95,103,104,105","19,21,31,37,47,51,54,72,80,81","19,21,37,51,54,81",0,"20,73","20,108",0,"34,101",0,21,19,0
BANDO_GRO_PILCAYA.pdf,0,0,0,0,0,"3,4,9,27,35",0,"4,15,26,27",15,25,"2,4,14,26,28","5,6",0,0,"2,3,4,9,14,15,16,25,26,27,28,29,35","2,3,4,9,14,15,16,25,26,27,28,29,35",0,29,0,0,0,0,"15,26,27,28,35",5,0
BANDO_GRO_Pedro Ascencio Alquisiras.pdf,0,0,0,0,0,"7,8,9,13,17,25,42,50,52",14,9,"15,42",0,42,0,0,"17,43,74,75,80","6,17,22,26,42,44,53,63","17,42,44,53",0,53,"17,19,43,53,57,77",53,0,0,42,0,0
BANDO_GRO_Pungarabato.pdf,0,"14,17",0,0,0,5,0,"2,13",0,13,10,2,14,"7,8,9,18,22,23,25,26","10,13,21","10,13,21",0,14,0,0,0,0,13,0,0
BANDO_GRO_SANMARCOS.pdf,0,0,0,0,0,0,57,0,0,0,0,0,0,"8,15,22,56,69","21,31,32,72,76","32,72",0,0,62,0,57,0,0,0,0
BANDO_GRO_San Luis Acatlán.pdf,0,0,0,0,0,0,17,0,0,0,0,0,0,46,0,0,0,0,0,0,0,0,0,0,0
BANDO_GRO_TIXTLA.pdf,0,0,0,0,0,"17,18,19,20,21,35",46,"17,42,44",0,0,49,"4,42,43",0,35,"18,21,28,44,49,62,82,83","18,21,28,49,82,83",0,"21,83",0,0,0,0,"21,81,83",0,0
BANDO_GRO_Tecoanapa.pdf,0,0,0,0,0,0,0,0,0,0,0,0,0,0,0,0,0,0,0,0,0,0,0,0,0
BANDO_GRO_Tepecoacuilco de Trujano.pdf,49,0,0,0,0,5,0,0,0,0,0,0,0,0,"18,54,58",0,0,30,0,0,0,0,0,0,0
BANDO_GRO_Tlalixtaquilla de Maldonado.pdf,0,0,0,0,0,34,62,0,0,0,0,"43,63",0,"51,52,59,60,63,64,66,67,68","17,63","17,63",0,0,62,0,0,0,0,0,0
BANDO_GRO_Técpan de Galeana.pdf,0,0,0,0,0,0,0,0,0,0,0,0,0,0,0,0,0,0,0,0,0,0,0,0,0
BANDO_GRO_Xochistlahuaca.pdf,0,38,52,0,0,"2,35",0,0,0,0,0,"1,2,24,25,52",0,"12,13,31,32,43,54,57,65,66,67,69","2,4,50",0,0,0,0,0,0,0,0,24,0
BANDO_GRO_ZIHUATANEJO.pdf,0,"91,92",0,0,0,0,0,0,0,0,0,"13,64",91,"28,91,94,103,132,136,138,139","6,13,38,41,48,89,106,107,128,152","41,89,128",0,94,0,0,0,0,0,0,0
BANDO_VER_ACAJETE.pdf,0,0,0,0,0,15,0,18,0,18,0,0,0,3,"1,13,15,16,18","1,13,15,16,18",0,0,0,0,0,0,"1,14,18",0,0
BANDO_VER_ACATLAN.pdf,2,12,0,0,0,"9,11",0,"5,8",0,5,0,0,0,"12,13","1,2,3,4,5,6,7,8,9,10,11,12,13,14,15,16,17","1,2,3,4,5,6,7,8,9,10,11,12,13,14,15,16,17",0,0,0,0,0,0,"1,2,5,11,12,16",0,0
BANDO_VER_ACAYUCAN.pdf,0,7,0,0,0,0,0,0,0,0,0,0,0,"7,8",0,0,0,0,0,0,0,0,0,0,0
BANDO_VER_ACTOPAN.pdf,0,0,0,0,0,0,12,0,0,0,0,0,0,"13,14,16",0,0,0,10,0,0,23,0,0,0,0
BANDO_VER_ALTOLUCERO.pdf,0,0,0,0,0,0,0,0,0,0,0,0,0,"12,15",0,0,0,0,0,0,0,0,0,0,0
BANDO_VER_ATOYAC.pdf,"15,16",0,"4,14",0,0,"5,9,10,14,15,17","14,18","9,13",0,0,0,"4,14",0,"10,14,16,19,20","13,14,16,17,19","13,14,16,17","15,16","10,15",19,0,0,0,17,0,0
BANDO_VER_ATZALAN.pdf,0,0,0,0,0,7,0,0,0,0,0,0,0,"39,40",0,0,0,0,0,0,0,0,0,0,0
BANDO_VER_Angel R. Cabada.pdf,0,0,0,0,0,0,0,0,0,0,0,0,0,0,0,0,0,26,0,0,0,0,0,0,0
BANDO_VER_BENITOJUAREZ.pdf,0,0,0,0,0,0,10,0,0,0,0,0,0,"8,9,12,14",10,10,0,0,0,0,0,0,0,0,0
BANDO_VER_BOCADELRIO.pdf,3,0,3,0,0,"2,17",0,0,0,0,0,3,0,"12,14,15",3,3,0,3,0,0,0,0,0,0,0
BANDO_VER_CATEMACO.pdf,0,29,0,0,0,0,0,0,0,0,0,4,0,"7,21,23,30",0,0,0,0,0,0,0,0,0,0,0
BANDO_VER_CAZONES.pdf,"49,52",0,0,0,0,"6,24,45,53",0,24,52,52,0,"17,27,51",0,"10,13,14,50","13,16,20,27,52,53","13,16,52,53",52,0,51,0,49,0,"52,53",0,0
BANDO_VER_CERROAZUL.pdf,0,0,0,0,0,0,0,0,0,0,0,0,0,0,0,0,0,0,0,0,0,0,0,0,0
BANDO_VER_CHACALTIANGUIS.pdf,0,0,0,0,0,17,36,18,22,0,0,26,0,"33,34,38","3,18,36","3,18,36",0,0,0,0,0,0,0,0,0
BANDO_VER_CHONTLA.pdf,0,0,0,0,0,0,0,0,0,0,0,0,0,0,0,0,0,0,0,0,0,0,0,0,0
BANDO_VER_COATZACOALCOS.pdf,0,0,0,0,0,11,0,0,0,0,0,0,0,"5,18,20,21","11,25","11,25",0,0,11,0,0,0,0,0,0
BANDO_VER_COMAPA.pdf,0,0,0,0,0,0,0,0,0,0,0,0,0,0,0,0,0,0,0,0,0,0,0,0,0
BANDO_VER_CamerinoZMendoza.pdf,0,19,0,0,0,9,19,0,0,0,0,0,0,20,"1,8,9,10,19","10,19",0,14,0,0,0,0,0,0,0
BANDO_VER_CarrilloPuerto.pdf,0,0,0,0,0,14,0,0,0,0,0,5,0,0,0,0,0,21,0,0,0,0,0,0,0
BANDO_VER_Chicontepec.pdf,0,0,0,0,0,0,0,0,0,0,0,0,0,0,0,0,0,0,0,0,0,0,0,0,0
BANDO_VER_Chocamán.pdf,0,0,0,0,0,"3,5,8,11",0,0,0,0,8,0,0,"10,13","1,3,4,5,6,7,8,10,11,13,15","1,3,4,5,6,7,8,10,11,13,15",0,0,13,0,0,0,"3,8",0,0
BANDO_VER_Coacoatzintla.pdf,0,0,0,0,0,0,0,0,0,0,0,0,0,0,0,0,0,0,0,0,0,0,0,0,0
BANDO_VER_Coatepec.pdf,0,14,0,0,0,0,0,"3,4",0,3,0,0,0,"10,13,14","3,7,14","3,14",0,0,17,0,0,0,0,0,0
BANDO_VER_Coatzintla.pdf,0,0,0,0,0,6,0,"5,6",0,0,0,0,0,7,"6,7",0,0,0,0,0,0,0,0,0,0
BANDO_VER_CosamaloapandeCarpio.pdf,0,0,0,0,0,0,0,0,0,0,0,0,0,0,0,0,0,0,0,0,0,0,0,0,0
BANDO_VER_Coscomatepec.pdf,0,0,0,0,0,0,10,0,0,0,0,0,0,"8,9,12,13,14",11,11,0,0,0,0,0,0,0,0,0
BANDO_VER_Cosoleacaque.pdf,0,0,0,0,0,1,0,0,0,0,0,"3,5",0,"8,12,23,26,27,28",10,0,0,13,"12,20,31",0,0,0,0,0,0
BANDO_VER_Cuichapa.pdf,13,0,0,0,0,0,0,0,0,0,0,0,0,0,0,0,13,0,0,0,0,0,0,0,0
BANDO_VER_Fortín.pdf,0,0,0,0,0,0,0,0,0,0,0,0,0,0,0,0,0,0,0,0,0,0,0,0,0
BANDO_VER_Gutiérrez Zamora.pdf,0,0,0,0,0,"4,5",0,9,0,5,0,0,0,"5,38,40","2,4,5,14","2,4,5",0,0,0,0,0,0,"2,4,5,30",0,0
BANDO_VER_Huatusco.pdf,"28,37,39",12,0,0,0,"4,5,11,12,22,23,35",0,"5,22","2,5,16,17,20,21,22",0,"18,20,23","23,39",0,"3,31,35,37,39","3,4,5,6,11,12,13,16,17,18,20,21,22,23,24,27,31,32,33,34,35,41","3,4,5,6,11,12,13,16,18,20,21,22,23,24,27,31,32,33,34,35,41",39,0,0,0,0,0,"3,4,5,6,7,8,16,18,20,21,22,23,24,25,29,40,41",0,0
BANDO_VER_Huayacocotla.pdf,51,0,0,0,0,40,21,37,0,0,0,0,0,"4,17,19,25,28,29,47,48,54,55,57,58","22,37,48,51,52","22,37,48,51,52",51,0,51,51,0,0,0,0,0
BANDO_VER_Hueyapan de Ocampo.pdf,"3,4,19,22",0,0,0,0,"5,6,12,15",0,0,0,0,0,0,0,0,0,0,0,0,0,0,0,0,0,0,0
BANDO_VER_Huiloapan de Cuauhtémoc.pdf,0,39,0,0,0,"12,49,57,61,62",8,"12,19,36,40,57",0,0,62,"5,6,7,25,30,62",0,"67,68","6,7,8,24,25,28,29,40,43,51,61,62,73","6,8,24,25,29,40,51,61,62,73",0,"8,65","38,39,41,68",0,39,0,0,0,0
BANDO_VER_IgnaciodelaLlave.pdf,0,0,0,0,0,0,18,0,0,0,0,0,0,"3,14,16,22,25,26",19,19,0,0,0,0,0,0,0,0,0
BANDO_VER_Ilamatlán.pdf,"58,59",0,0,0,19,"3,12,36,43","26,56",0,0,0,0,0,0,"8,22,29,37,42,57,58,61,63","4,12,17,19,26,56","4,17,19,26,56","58,59",20,17,0,0,0,"4,19",0,0
BANDO_VER_Isla.pdf,0,0,0,0,0,0,0,0,0,0,0,0,0,"4,11,13,19,20,21",14,14,0,0,0,0,0,0,0,0,0
BANDO_VER_Ixhuatlancillo.pdf,53,0,0,0,0,"64,65",42,0,65,0,"64,65",65,0,"20,28,37,43,48,52,53,69","64,65","64,65",0,28,0,0,0,0,64,0,0
BANDO_VER_Ixhuatlán de Madero.pdf,"1,36,37,38,39",0,"9,15",0,0,"4,29,36,37,38",0,"28,29,39",0,0,15,"9,15",0,"8,21,22,24,26,28","8,9,13,15,24,28,29","8,9,13,15,24,28,29","13,36,37,38,39",15,24,0,0,0,"8,9,14,16,17,28",0,0
BANDO_VER_IxhuatlándelCafé.pdf,0,0,0,0,0,0,9,0,0,0,0,0,0,"1,7,8,11,13",9,9,0,0,0,0,0,0,0,0,0
BANDO_VER_José Azueta.pdf,0,"91,92",0,0,0,0,0,0,0,0,0,"13,64",91,"28,91,94,103,132,136,138,139","6,13,38,41,48,89,106,107,128,152","41,89,128",0,94,0,0,0,0,0,0,0
BANDO_VER_JuchiquedeFerrer.pdf,0,0,0,0,0,0,0,0,0,0,0,0,0,0,0,0,0,0,0,0,0,0,0,0,0
BANDO_VER_Jáltipan.pdf,0,0,0,0,0,0,0,0,0,0,0,0,0,0,0,0,0,0,0,0,0,0,0,0,0
BANDO_VER_LASMINAS.pdf,0,0,0,0,0,0,16,0,0,0,0,0,0,"3,13,14,19,21",17,17,0,0,0,0,0,0,0,0,0
BANDO_VER_Las Vigas de Ramírez.pdf,0,0,0,0,0,"14,39,89",119,0,0,0,0,106,0,"4,47,48,93,98,99,122","20,98,119","98,119",0,"45,115",0,0,0,0,0,0,0
BANDO_VER_Lerdo de Tejada.pdf,0,90,0,0,0,"74,76,78,81,86","25,90","74,81,86,89,94",51,73,"50,51",98,75,"13,16,21,23,28,30,31,75","25,50,51,62,73,74,75,76,81,89,90,98,102","25,50,51,62,73,74,75,76,89,90,98",0,"64,90,104",0,0,90,0,51,0,0
BANDO_VER_MINATITLAN.pdf,0,0,0,0,0,0,0,0,0,0,0,0,0,0,0,0,0,0,0,0,0,0,0,0,0
BANDO_VER_Magdalena.pdf,"4,17",0,0,8,0,"4,10,17",0,10,6,4,"9,21",0,0,"15,16,17,19,20","4,8,9,10,21","4,8,9,10,21",4,8,0,"8,13",8,0,"3,4,9,10",0,0
BANDO_VER_Maltrata.pdf,0,0,0,0,0,0,12,0,0,0,0,0,0,"1,9,10,14,16,17",12,12,0,0,0,0,0,0,0,0,0
BANDO_VER_Manlio Fabio Altamirano.pdf,13,0,0,0,0,0,0,0,0,0,0,0,0,"11,12,13,15,16",0,0,13,0,0,0,0,0,0,0,0
BANDO_VER_Mariano Escobedo.pdf,0,0,0,0,0,0,0,0,0,0,0,0,0,0,0,0,0,0,0,0,0,0,0,0,0
BANDO_VER_Martínez de la Torre.pdf,0,0,0,0,0,0,10,0,0,0,0,0,0,"6,8,9,12,13",10,10,0,0,0,0,0,0,0,0,0
BANDO_VER_Mecatlán.pdf,0,0,0,0,0,"2,3,10",0,0,0,0,0,0,0,"14,21","11,21,27","11,21,27",0,"12,21",0,"11,12,21",0,0,"7,11",0,0
BANDO_VER_Mecayapan.pdf,0,0,0,0,0,0,15,0,0,0,0,0,0,"3,12,13,18,19,20",15,15,0,0,0,0,0,0,0,0,0
BANDO_VER_Misantla.pdf,"55,70,74",0,0,0,0,"9,10,11,26,27,44,66,67",0,9,"9,31,33,39,43",0,"1,2,3,4,5,6,7,8,9,10,11,12,13,14,15,16,17,18,19,20,21,22,23,24,25,26,27,28,29,30,31,32,33,34,35,36,37,38,39,40,41,42,43,44,45,46,47,48,49,50,51,52,53,54,55,56,57,58,59,60,61,62,63,64,65,66,67,68,69,70,71,72,73,74,75,76,77,78,79,80,81,82,83,84","12,44,74",0,"6,61,66,70,73,74","1,2,3,4,5,6,7,8,9,10,11,12,13,14,15,16,17,18,19,20,21,22,23,24,25,26,27,28,29,30,31,32,33,34,35,36,37,38,39,40,41,42,43,44,45,46,47,48,49,50,51,52,53,54,55,56,57,58,59,60,61,62,63,64,65,66,67,68,69,70,71,72,73,74,75,76,77,78,79,80,81,82,83,84","1,2,3,4,5,6,7,8,9,10,11,12,13,14,15,16,17,18,19,20,21,22,23,24,25,26,27,28,29,30,31,32,33,34,35,36,37,38,39,40,41,42,43,44,45,46,47,48,49,50,51,52,53,54,55,56,57,58,59,60,61,62,63,64,65,66,67,68,69,70,71,72,73,74,75,76,77,78,79,80,81,82,83,84",74,0,0,0,0,0,"7,9,11,12,14,20,31,39,40,41,42,43,44,45,47,56,75,77",0,0
BANDO_VER_NanchitaldeLázaro Cárdenas del Río.pdf,0,0,0,0,16,"2,10",22,0,0,0,0,0,0,"6,19,25","2,9,15,16,23","2,15,16,23",0,18,15,0,0,0,"2,16",0,0
BANDO_VER_Naranjal.pdf,0,0,0,0,0,0,0,0,0,0,0,0,0,"10,13",17,17,0,0,0,0,0,0,0,0,0
BANDO_VER_NaranjosAmatlán.pdf,0,0,0,0,0,21,0,"5,9,21",21,0,0,0,0,"2,22,25,26,31,35","9,21,22,29","9,21,22,29",0,0,"29,31",0,0,0,0,0,0
BANDO_VER_Nautla.pdf,0,0,0,0,0,0,9,0,0,0,0,0,0,"3,8,9,10","9,12","9,12",0,0,0,0,0,0,0,0,0
BANDO_VER_Nogales.pdf,0,0,0,0,0,0,0,0,0,0,0,0,0,0,0,0,0,0,0,0,0,0,0,0,0
BANDO_VER_Orizaba.pdf,13,0,0,0,0,0,12,0,0,0,0,0,0,"3,13,15,16",13,13,13,0,0,0,0,0,0,0,0
BANDO_VER_Otatitlán.pdf,0,"19,30",0,0,0,25,30,0,0,0,0,0,0,"28,30",0,0,0,0,0,0,0,0,0,0,0
BANDO_VER_OzuluamadeMascareñas.pdf,0,0,0,0,0,"17,30",0,0,0,0,0,0,0,"24,30",17,0,0,28,0,0,0,0,0,0,0
BANDO_VER_PASODELMACHO.pdf,0,0,0,0,0,"5,11",27,0,0,0,0,0,0,"28,29,31",0,0,0,25,0,0,0,0,0,0,0
BANDO_VER_Pajapan.pdf,0,0,0,0,0,"15,32,35",0,"31,32",0,31,0,0,33,"15,27,33","4,11,15,31,32,34","4,11,15,31,32,34",0,0,0,23,0,0,0,0,0
BANDO_VER_Papantla.pdf,0,0,0,0,0,"6,14",0,0,0,4,0,"5,9,19",0,18,"4,5,6,7,9","4,5,6,7,9",0,0,0,0,0,0,5,0,0
BANDO_VER_Perote.pdf,0,0,0,0,0,"75,77,83,132",119,"76,132",0,0,132,129,0,"96,114,116,124,128,100","87,119,132","119,132",0,0,"109,120",0,0,0,0,0,0
BANDO_VER_Platón Sánchez.pdf,0,"35,39,47,48,94",0,"35,48",0,"20,79,117,118","47,48",58,0,0,0,95,0,0,"24,47,48,82","24,47,48,82",0,0,0,0,0,0,0,0,0
BANDO_VER_Playa Vicente.pdf,"12,21,23","12,36",27,0,0,"13,27,36",51,10,0,0,13,27,0,"21,33,48,50,53,54,55","7,12,13,28,51,59","7,12,13,28,51,59",12,"18,44",12,0,0,0,"12,27,28",0,0
BANDO_VER_PozaRicade Hidalgo.pdf,"20,37,57",0,0,0,0,"3,38,39",47,0,"5,15",0,0,0,0,"5,42,45,52,56,57,62","19,20,29,30,48","19,20,29,30,48","20,57","30,36",0,"30,33",0,0,0,0,0
BANDO_VER_Puente Nacional.pdf,0,0,0,0,0,10,0,0,0,0,0,0,0,"5,6,9",0,0,0,0,0,0,0,0,0,0,0
BANDO_VER_Pánuco.pdf,0,0,0,0,0,0,18,0,0,0,0,5,0,"1,2,14,16,21,23,24",19,19,0,0,0,0,0,0,0,0,0
BANDO_VER_Río Blanco.pdf,"2,31,32",0,40,0,0,"5,6,7,10",0,15,15,7,"1,2,3,4,5,6,7,8,9,10,11,12,13,14,15,16,17,18,19,20,21,22,23,24,25,26,27,28,29,30,31,32,33,34,35,36,37,38,39,40,41,42,43,44,45,46",40,0,"2,7,31,32,35,38","1,2,3,4,5,6,7,8,9,10,11,12,13,14,15,16,17,18,19,20,21,22,23,24,25,26,27,28,29,30,31,32,33,34,35,36,37,38,39,40,41,42,43,44,45,46","1,2,3,4,5,6,7,8,9,10,11,12,13,14,15,16,17,18,19,20,21,22,23,24,25,26,27,28,29,30,31,32,33,34,35,36,37,38,39,40,41,42,43,44,45,46","12,32,35",0,29,0,29,0,"4,6,7,15,16,22,23,24,26,27,28,33,42",0,0
BANDO_VER_San Andrés Tuxtla.pdf,0,23,0,0,0,10,0,4,0,0,0,0,0,"7,18,19,23,27","4,26","4,26",0,13,0,0,0,0,4,0,0
BANDO_VER_San Juan Evangelista.pdf,0,0,0,0,0,0,0,0,0,0,0,0,0,0,0,0,0,0,0,0,0,0,0,0,0
BANDO_VER_SanRafael.pdf,0,0,0,0,0,0,0,0,0,0,0,3,0,"2,14,15","6,15","6,15",0,0,0,0,0,0,0,0,0
BANDO_VER_SantiagoTuxtla.pdf,0,0,0,0,0,0,"17,41",0,0,0,0,0,0,"4,5,11,12,14,17,33,34,39","17,33","17,33",0,0,0,0,0,0,0,0,0
BANDO_VER_Sayula de Alemán.pdf,92,0,0,0,0,"4,16,37,39,83",86,"4,43",0,37,38,61,0,"27,29,30,73,86,89,92","1,3,4,9,12,37,38,39","1,3,4,9,12,37,38,39",0,"23,77",0,0,0,0,4,0,0
BANDO_VER_Soteapan.pdf,0,0,0,0,0,0,0,0,0,0,0,0,0,0,0,0,0,0,0,0,0,0,0,0,0
BANDO_VER_TEHUIPANGO.pdf,0,0,0,0,0,0,21,0,0,0,0,0,0,"11,15,18,26,30",0,0,0,0,0,0,0,0,0,0,0
BANDO_VER_TIHUATLAN.pdf,"43,64",0,0,0,0,"5,47,48,58,67","30,70",58,5,0,0,"47,49",0,"4,14,28,33,36,42,66,72","5,31,47,51,67,70","5,31,47,51,67,70",36,62,0,0,0,0,0,47,0
BANDO_VER_TLALNELHUAYOCAN.pdf,0,0,0,0,0,0,10,0,0,0,0,0,0,"8,9,12,13,14",11,11,0,0,0,0,0,0,0,0,0
BANDO_VER_TLAQUILPA.pdf,"43,64",0,0,0,0,"5,47,48,58,67","30,70",58,5,0,0,"47,49",0,"4,14,28,33,36,42,66,72","5,31,47,51,67,70","5,31,47,51,67,70",36,62,0,0,0,0,0,47,0
BANDO_VER_Tamiahua.pdf,0,90,0,0,0,"74,76,78,81,86","25,90","74,81,86,89,94",51,73,"50,51",98,75,"13,16,21,23,28,30,31,75","25,50,51,62,73,74,75,76,81,89,90,98,102","25,50,51,62,73,74,75,76,89,90,98",0,"64,90,104",0,0,90,0,51,0,0
BANDO_VER_Tancoco.pdf,0,0,0,0,0,0,0,0,0,0,0,0,0,0,0,0,0,0,0,0,0,0,0,0,0
BANDO_VER_Tantoyuca.pdf,0,0,0,0,0,0,0,0,0,0,0,0,0,0,0,0,0,0,0,0,0,0,0,0,0
BANDO_VER_TatahuicapandeJuárez.pdf,0,0,0,0,0,"2,8,13","17,19","2,4,10,14","3,7","10,16",2,"4,11",0,"2,16,21","1,2,3,4,6,7,8,9,10,11,12,13,15,16,17,19,20","2,3,4,6,7,8,9,10,11,12,13,15,16,17,19,20",6,0,0,0,0,0,"2,3,4,7,8,9,10,11,13,14,15",4,0
BANDO_VER_Tecolutla.pdf,"19,54,59,63",0,0,0,0,"7,11,13,14,15,17,18,23,27,35",0,"7,12,55",23,0,0,54,0,"18,44,60,62,65,67","12,13,19,26,54,55,65","12,13,19,54,55,65","19,59",24,0,"12,15,19,23,41,59",0,0,"7,55",0,0
BANDO_VER_Tempoal.pdf,0,0,0,0,0,"16,30",0,0,0,0,0,0,0,"24,30",16,0,0,28,0,0,0,0,0,0,0
BANDO_VER_Teocelo.pdf,44,"44,149",19,0,0,"13,15,19,20,46,77,110,121,144,145","19,150","13,18,19,47",0,0,0,"19,44",44,"15,19,95,107,109,110,111,117,118,138,140,149,150,151,152","2,4,5,19,22,47,149","5,19,47,149",0,"44,200","20,38,41,44,143,145,152,153,154,165,174,175,176",44,115,0,47,0,0
BANDO_VER_Texcatepec.pdf,0,0,0,0,0,0,11,0,0,0,0,0,0,"3,9,10,12,14",11,11,0,0,0,0,0,0,0,0,0
BANDO_VER_Tezonapa.pdf,0,0,0,0,0,0,0,0,0,0,0,0,0,0,0,0,0,0,0,0,0,0,0,0,0
BANDO_VER_Tlachichilco.pdf,0,0,0,0,0,"6,10,15,27","24,26","2,9",0,0,0,"6,14",0,"7,20,22,23,24,25,26",0,0,0,0,26,0,0,0,0,14,0
BANDO_VER_Tlacotalpan.pdf,0,0,0,0,0,0,0,0,0,0,0,0,0,"3,4,5",0,0,0,0,0,0,0,0,0,0,0
BANDO_VER_Tlacotepec de Mejía.pdf,0,0,0,0,0,0,0,0,0,0,0,0,0,3,0,0,0,0,0,0,0,0,0,0,0
BANDO_VER_Tlalixcoyan.pdf,0,0,0,0,0,0,0,0,0,0,0,0,0,"10,14,18",16,16,0,0,0,0,0,0,0,0,0
BANDO_VER_Tlaltetela.pdf,"2,3,4,15",0,0,0,0,"3,4,14,24,25,26,27,33,35",38,"26,34",33,0,26,0,0,"37,40,42,46,48,51","23,26,27,34,38,42","23,26,34,38,42","2,3,4,15","4,6,21,33",0,"4,27",0,0,"23,42,44",0,0
BANDO_VER_Tlapacoyan.pdf,0,0,0,0,0,8,0,11,0,8,0,0,0,"9,24,25","7,8,13","7,8",0,0,0,0,0,0,"7,8,9,20",0,0
BANDO_VER_Totutla.pdf,0,0,0,0,0,0,27,0,0,0,0,0,0,"19,22,33,38,39",27,27,0,0,0,0,0,0,0,0,0
BANDO_VER_Tuxpan.pdf,0,0,0,0,0,22,0,0,0,0,0,0,0,9,0,0,0,0,0,0,0,0,0,0,0
BANDO_VER_Tuxtilla.pdf,0,0,0,0,0,0,0,0,0,0,0,0,0,0,0,0,0,0,0,0,0,0,0,0,0
BANDO_VER_UrsuloGalván.pdf,23,0,0,0,0,13,27,0,0,0,0,20,0,"23,25,27,30,33,34",27,27,0,0,0,0,0,0,0,0,0
BANDO_VER_Veracruz.pdf,0,0,0,0,0,13,0,0,0,0,0,0,0,22,0,0,0,20,0,0,0,0,0,0,0
BANDO_VER_Xalapa.pdf,"12,21,23","12,36",27,0,0,"13,27,36",51,10,0,0,13,27,0,"21,33,48,50,53,54,55","7,12,13,28,51,59","7,12,13,28,51,59",12,"18,44",12,0,0,0,"12,27,28",0,0
BANDO_VER_Xoxocotla.pdf,26,0,30,0,0,"13,14,15",0,0,0,14,"19,22,23,24",30,0,"14,25,26,28,29","12,13,14,15,16,17,19,21,22,23,24,25,27,28,29","12,13,14,15,16,17,19,21,22,23,24,25,27,28,29","16,26,27",0,24,0,24,0,"12,13,14,22,23,24,26,31",0,0
BANDO_VER_Yecuatla.pdf,0,0,0,0,0,0,26,0,0,0,0,3,0,"1,11,14,21,23,26,29,32,33",26,26,0,0,0,0,0,0,0,0,0
BANDO_VER_Zacualpan.pdf,21,0,0,0,0,7,17,"7,17",8,0,0,0,0,"14,16,19,21,22,23","3,7,12,17","3,7,12,17",21,0,12,0,0,0,"3,7",0,0
BANDO_VER_Zentla.pdf,0,0,0,0,0,"3,6",0,0,0,0,0,0,0,"5,12,13",0,0,0,0,0,0,0,0,0,0,0
BANDO_VER_ZozocolcodeHidalgo.pdf,"5,9",50,0,0,0,"32,33",0,0,37,33,0,0,0,"33,47,48,50,51,53,55","32,33,40","32,33,40",0,0,0,0,0,0,"12,33",0,0
BANDO_YUCA_BUCTZOTZ.pdf,0,"7,12",0,0,0,18,0,0,0,0,0,0,0,"7,13",0,0,0,0,0,0,0,0,0,0,0
BANDO_YUCA_CANTAMAYEC.pdf,0,0,0,0,0,"2,14",0,0,0,0,0,0,0,0,"4,6,11,12,13,15","4,11,12,13,15",0,10,10,0,0,0,0,0,0
BANDO_YUCA_CELESTΘN.pdf,0,0,0,0,0,0,0,0,0,0,0,0,0,18,0,0,0,0,0,0,0,0,0,0,0
BANDO_YUCA_CHACKSINKIN.pdf,0,25,0,0,0,0,22,0,0,0,0,0,0,"7,21,22,23,25","7,22,25,27","7,25,27",0,15,"7,15",0,0,0,0,0,0
BANDO_YUCA_CHAPAB.pdf,0,0,0,0,0,0,0,0,0,0,0,9,0,18,0,0,0,0,0,0,0,0,0,0,0
BANDO_YUCA_CHEMAX.pdf,0,24,0,0,0,0,20,0,0,0,0,0,0,"6,20,21,24","6,20,24,26","6,24,26",0,13,"6,13",0,0,0,0,0,0
BANDO_YUCA_CHICXULUBPUEBLO.pdf,0,0,0,0,0,0,0,0,0,0,0,0,16,"8,11,14,16,18,22,24","8,22","8,22",0,0,"8,16,22",0,0,0,0,0,0
BANDO_YUCA_CHOCHOL╡.pdf,0,24,0,0,0,8,0,0,0,0,0,0,0,"20,21,24","6,21,24,26","6,24,26",0,14,14,0,0,0,0,0,0
BANDO_YUCA_CONKAL.pdf,0,0,0,0,0,0,0,0,0,0,0,5,19,"8,13,16,18,19,21,26,30","8,26","8,26",0,0,"8,18,27",0,0,0,0,0,0
BANDO_YUCA_CUNCUNUL.pdf,0,30,0,0,0,0,25,0,0,0,0,0,0,"7,25,26,29,30","7,25,30,31","7,30,31",0,16,"7,16",0,0,0,0,0,0
BANDO_YUCA_CUZAM╡.pdf,0,0,0,0,0,0,0,0,0,0,0,0,0,0,0,0,0,0,0,0,0,0,0,0,0
BANDO_YUCA_Cansahcab.pdf,0,21,0,0,0,0,18,0,0,0,0,0,0,"6,18,19,21","6,18,21,22","6,21,22",0,12,"6,12",0,0,0,0,0,0
BANDO_YUCA_Cenotillo.pdf,0,25,0,0,0,0,21,0,0,0,0,0,0,"7,21,22,24,25","7,21,25,26","7,25,26",0,14,"7,14",0,0,0,0,0,0
BANDO_YUCA_DZILAMBRAVO.pdf,0,29,0,0,0,0,25,0,0,0,0,0,0,"7,25,26,29","7,25,29,31","7,29,31",0,16,"7,16",0,0,0,0,0,0
BANDO_YUCA_DZIT╡S.pdf,0,0,0,0,0,0,0,0,0,0,0,0,0,0,0,0,0,0,0,0,0,0,0,0,0
BANDO_YUCA_Dzidzantún.pdf,0,0,0,0,0,0,0,0,0,0,0,0,15,"7,10,13,14,16,20,22","7,19","7,19",0,0,"7,14,20",0,0,0,0,0,0
BANDO_YUCA_EABO.pdf,0,0,0,0,0,0,0,0,0,0,0,0,0,0,0,0,0,0,0,0,0,0,0,0,0
BANDO_YUCA_HALACHα.pdf,0,29,0,0,0,0,25,0,0,0,0,0,0,"7,25,26,29","7,25,29,31","7,29,31",0,16,"7,16",0,0,0,0,0,0
BANDO_YUCA_HOMΘN.pdf,0,28,0,0,0,0,24,0,0,0,0,0,0,"8,24,25,27","8,24,28,29","8,28,29",0,16,"8,16",0,0,0,0,0,0
BANDO_YUCA_HUHI.pdf,0,25,0,21,0,0,0,0,0,0,0,0,0,"7,21,22,25","7,21,25,26","7,25,26",0,14,"7,14",0,0,0,0,0,0
BANDO_YUCA_HUNUCM╡.pdf,0,25,0,0,0,28,0,0,0,0,0,0,0,"19,21,22,23,25","22,25",25,0,0,0,0,0,0,0,0,0
BANDO_YUCA_IZAMAL.pdf,0,0,0,0,0,0,0,0,0,0,0,0,0,22,0,0,0,0,0,0,0,0,0,0,0
BANDO_YUCA_KOPOM╡.pdf,9,0,0,0,0,"15,16",0,0,0,0,0,0,0,0,0,0,9,0,0,0,0,0,0,0,0
BANDO_YUCA_Kantunil.pdf,0,25,0,0,0,0,21,0,0,0,0,0,0,"7,21,22,24,25","7,21,25,26","7,25,26",0,14,"7,14",0,0,0,0,0,0
BANDO_YUCA_MANI.pdf,0,0,0,0,0,0,0,0,0,0,0,0,0,18,0,0,0,0,0,0,0,0,0,0,0
BANDO_YUCA_MUNA.pdf,"10,18","10,18",0,0,0,"9,14","10,16",10,7,0,0,0,0,"5,15,16,18","4,5,8,10,13,16,18,19,20,26","4,5,8,10,13,18,19,20,26",0,10,"5,10",0,0,0,0,0,0
BANDO_YUCA_PANABA.pdf,0,25,0,21,0,0,0,0,0,0,0,0,0,"7,21,22,25","7,21,25,26","7,25,26",0,14,"7,14",0,0,0,0,0,0
BANDO_YUCA_PROGRESO.pdf,23,23,0,0,0,0,19,0,0,0,0,0,0,"7,19,20,22","7,19,23,24","7,23,24",0,13,"7,14",0,0,0,0,0,0
BANDO_YUCA_SACALUM.pdf,0,0,0,0,0,0,0,0,0,0,0,0,0,0,0,0,0,0,0,0,0,0,0,0,0
BANDO_YUCA_SANAHCAT.pdf,0,28,0,0,0,0,24,0,0,0,0,0,0,"7,23,25,27","7,23,28,29","7,28,29",0,16,"7,16",0,0,0,0,0,0
BANDO_YUCA_SANFELIPE.pdf,0,0,0,0,0,0,0,0,0,0,0,0,0,15,0,0,0,0,0,0,0,0,0,0,0
BANDO_YUCA_SEYE.pdf,0,0,0,0,0,0,0,0,0,0,0,0,0,"81,91,98",0,0,0,0,0,0,0,0,0,0,0
BANDO_YUCA_SUCILA.pdf,0,0,0,0,0,0,0,0,0,0,0,0,0,15,0,0,0,0,0,0,0,0,0,0,0
BANDO_YUCA_SUDZAL.pdf,0,6,0,8,0,"4,6,14",0,0,0,0,0,0,10,"7,8,9,10,12",0,0,0,0,"10,13",0,0,0,0,0,0
BANDO_YUCA_Samahil.pdf,0,24,0,0,0,0,20,0,0,0,0,0,0,"6,20,21,23","6,20,24,25","6,24,25",0,13,"6,14",0,0,0,0,0,0
BANDO_YUCA_TAHMEK.pdf,0,30,0,0,0,0,26,0,0,0,0,0,0,"8,26,27,30","8,26,30,32","8,30,32",0,17,"8,17",0,0,0,0,0,0
BANDO_YUCA_TEKANTα.pdf,0,25,0,0,0,0,22,0,0,0,0,0,0,"8,22,23,25","8,22,25,27","8,25,27",0,15,"8,15",0,0,0,0,0,0
BANDO_YUCA_TEMOZON.pdf,0,25,0,21,0,0,0,0,0,0,0,0,0,"7,21,22,25","7,21,25,26","7,25,26",0,14,"7,14",0,0,0,0,0,0
BANDO_YUCA_TINUM.pdf,0,26,0,0,0,0,22,0,0,0,0,0,0,"22,23,25","22,26,27","26,27",0,15,15,0,0,0,0,0,0
BANDO_YUCA_TIXCACA.pdf,0,0,0,0,0,0,0,0,0,0,0,0,0,"81,91,98",0,0,0,0,0,0,0,0,0,0,0
BANDO_YUCA_TIXCACAL.pdf,0,0,0,0,0,0,0,0,0,0,0,0,11,"5,7,9,11,12,15,17","5,15","5,15",0,0,"5,11,15",0,0,0,0,0,0
BANDO_YUCA_TIXMEHUAC.pdf,0,25,0,21,0,0,0,0,0,0,0,4,0,"7,21,22,25","7,21,25,26","7,25,26",0,14,"7,14",0,0,0,0,0,0
BANDO_YUCA_Tahdziú.pdf,0,23,0,0,0,0,20,0,0,0,0,10,0,"7,19,20,21,23","7,20,23,24","7,23,24",0,14,"7,14",0,0,0,0,0,0
BANDO_YUCA_Tecoh.pdf,"8,10,31,35",0,0,27,0,"5,7,8,9",0,0,0,0,0,0,21,"12,16,19,21,23,26,28,29",12,12,0,27,"12,21,31",27,0,0,0,0,0
BANDO_YUCA_Tzucacab.pdf,0,0,0,0,0,0,0,0,0,0,0,0,0,0,0,0,0,0,0,0,0,0,0,0,0
BANDO_YUCA_UCU.pdf,0,25,0,21,0,0,0,0,0,0,0,0,0,"7,21,22,25","7,21,25,26","7,25,26",0,14,"7,14",0,0,0,0,0,0
BANDO_YUCA_UMAN.pdf,0,0,0,0,0,0,0,0,0,0,0,0,18,"13,16,17,18,20,23,25","20,23","20,23",0,0,"18,24",0,0,0,0,0,0
BANDO_YUCA_YOBA╓N.pdf,0,0,0,20,0,"9,11",0,0,0,0,0,0,0,"15,18,22,23,24",15,15,0,20,15,21,0,0,0,0,0
BANDO_YUC_ABALA.pdf,0,0,0,0,0,0,0,0,0,0,0,0,0,0,0,0,0,0,0,0,0,0,0,0,0
BANDO_YUC_ACANCEH.pdf,0,48,0,0,0,0,43,0,0,0,0,0,29,"15,19,29,35,43,44,45,47,48,56","43,44,48","44,48",0,0,"29,53",0,0,0,0,0,0
BANDO_YUC_AKIL.pdf,0,0,0,0,0,0,0,0,0,0,0,0,0,0,0,0,0,0,0,0,0,0,0,0,0
BANDO_YUC_DZEMUL.pdf,0,0,0,0,0,12,0,0,0,0,0,0,0,38,0,0,0,31,0,31,0,0,0,0,0
BANDO_YUC_ESPITA.pdf,0,0,0,0,0,0,0,0,0,0,0,0,0,19,0,0,0,0,0,0,0,0,0,0,0
BANDO_YUC_MERIDA.pdf,0,0,0,0,0,"2,7,14,17,18",0,0,0,0,0,0,0,0,0,0,0,14,14,0,0,0,0,0,0
BANDO_YUC_MOCOCHA.pdf,0,0,0,0,0,0,0,0,0,0,0,0,0,0,0,0,0,0,0,0,0,0,0,0,0
BANDO_YUC_Oxkutzcab.pdf,0,0,0,0,0,0,0,0,0,0,0,0,0,0,0,0,0,0,0,0,0,0,0,0,0
BANDO_YUC_SANTAELENA.pdf,0,0,0,0,0,0,0,0,0,0,0,0,0,"1,2",0,0,0,0,0,0,0,0,0,0,0
BANDO_YUC_TEKIT.pdf,0,0,0,0,0,0,0,0,0,0,0,0,0,0,0,0,0,0,0,0,0,0,0,0,0
BANDO_YUC_TEMAX.pdf,0,0,0,0,0,0,0,0,0,0,0,0,0,"81,91,98",0,0,0,0,0,0,0,0,0,0,0
BANDO_YUC_TICUL.pdf,"22,24",38,0,22,0,"4,5,7,8,13,20,21,22,29,36",0,0,"17,23,42",0,"6,8","16,22",0,39,"6,7,8,9,10,13,16,17,19,21,23,24,29,32","6,7,8,9,10,13,16,17,19,21,23,24,29,32","22,24",21,0,"5,21,22,23,24",0,22,"7,8,21,22",0,0
BANDO_YUC_TIZIMIN.pdf,0,0,0,0,0,0,0,0,0,0,0,0,0,11,0,0,0,0,0,0,0,0,0,0,0
BANDO_YUC_Texak.pdf,0,31,0,0,0,0,26,0,0,0,0,0,0,"7,26,27,30","7,26,31,32","7,31,32",0,17,"7,17",0,0,0,0,0,0
BANDO_YUC_VALLADOLID.pdf,0,35,0,0,0,"2,3,4,34",0,0,0,0,4,0,0,0,"3,4,36","3,4",17,0,0,0,0,0,0,0,0
BANDO_YUC_XOCCHEL.pdf,0,0,0,0,0,0,0,0,0,0,0,0,0,0,0,0,0,0,0,0,0,0,0,0,0
BANDO_YUC_YAXKUKUL.pdf,"20,21",0,0,20,0,"3,4,5,6,7,12,18,19,20,26,32",0,0,"15,21",0,"5,7","15,20",0,0,"5,6,7,12,14,15,17,19,21,26,29","5,6,7,12,14,15,17,19,21,26,29","20,21",19,0,"4,19,20,21,22",0,20,"6,7,19,20",0,0
Bando-GRO-CUETZALA.pdf,0,0,0,0,0,0,0,0,0,0,0,0,0,0,0,0,0,0,0,0,0,0,0,0,0
Bando_VER_Cuitláhuac.pdf,0,0,0,0,0,"1,5",0,"3,4",0,0,0,0,0,"11,16","1,2,3,4,5,6,15,16,19,21","1,2,3,4,5,6,15,16,19,21",0,0,0,0,0,0,"3,14",0,0
PMD-CHIH- GUERRERO.pdf,"25,28,29",0,"24,25,26,27,39,41,51",0,0,28,0,0,0,0,0,"9,15,24,25,26,27,39,41,51",0,0,"9,17,28,29,36,42","9,17,28,29,36",28,0,27,"23,28",0,0,"28,29,51","27,51",0
PMD-CHIH-AQUILESSERDAN.pdf,0,0,0,0,0,0,0,0,0,0,0,0,0,0,0,0,0,0,0,0,0,0,0,0,0
PMD-CHIH-BACHINIVA.pdf,0,30,0,0,0,"16,29,30,49","25,27,30",0,0,0,0,"17,30",0,27,"10,23,24,25,26,30,31,33,34","10,23,24,25,26,30,31,33,34",0,0,33,0,"24,25,27,30",0,0,0,0
PMD-CHIH-BATOPILAS.pdf,0,0,23,16,0,"9,37",18,0,18,0,0,"11,22,23,24,28",0,0,"4,6,8,11,14,15,17,18,20,26","4,8,11,14,15,17,18,20",0,"21,22",0,18,14,0,20,0,0
PMD-CHIH-BOCOYNA.pdf,"11,13,15,20,21,51,56,68,69,71,72,79,85,88,98",0,"48,68,69,79,84,93,97,109,110",0,0,"26,27,54,56,63,64,84,141,142,149,161",0,"13,69","24,26,27,51,52,53,54,55,101",84,0,"12,32,45,47,48,66,67,68,69,76,79,80,82,84,93,97,98,107,109,110,120",0,"95,143","7,11,12,13,42,43,44,47,56,63,65,68,69,70,73,76,84,87,88,98,102,120,140,141,147,172","7,11,13,42,43,44,47,56,63,65,68,69,70,73,76,84,87,88,120,141,147,172","11,13,15,56,71,72,79,85",0,"11,13,14,56,70,94,98","94,120,172",147,66,"25,70,87,161",0,0
PMD-CHIH-CARICH╓.pdf,"23,28",0,32,0,0,"38,41",0,"14,26",0,0,0,"15,17,26,32",0,0,"19,25,26","19,25,26",0,0,0,29,0,0,0,0,0
PMD-CHIH-CH╓NIPAS.pdf,"40,58,60,61",37,0,53,0,"38,46,48,49,52",37,0,0,0,0,"15,20,36",0,0,"13,25,34,37,38,39,44,51,54","13,34,37,38,39,51,54",0,40,"34,41,42,53,54",37,"36,38",0,39,0,0
PMD-CHIH-CORONADO.pdf,0,19,0,55,0,57,0,0,0,0,0,0,0,57,"27,29,31,32,35,37,39,41,43,45,47,49,53,55,63","27,29,31,32,35,37,39,41,43,45,47,49,53,55,63",0,0,0,"32,36,38,40,42,44,46,50,53,55",63,0,0,0,0
PMD-CHIH-COYAMEDELSOTOL.pdf,28,0,0,0,0,"25,26,28",0,0,0,25,0,19,0,0,"13,25,28","13,25,28",28,0,13,28,0,0,0,0,0
PMD-CHIH-CUAUHTÉMOC.pdf,"40,87,129",0,34,"43,47",0,"8,14,52,67,93,95,97,98,123,124",0,"8,14,123","51,52,123,124,125,127",127,"125,126,128","7,23,33,34",0,0,"7,15,28,29,33,45,47,49,51,52,53,86,87,88,96,108,124,125,126,127,128,129,134,135","7,15,28,29,33,45,49,51,52,53,86,88,96,108,124,125,126,127,128,129,135",99,38,0,"40,46,47,49,55",0,0,"13,97,124,125,127,128",0,0
PMD-CHIH-ELTULE.pdf,23,0,0,0,0,0,0,22,22,0,0,25,0,0,"8,22,42","8,22,42",23,"23,35",0,0,0,0,0,0,0
PMD-CHIH-GUACHOCHI.pdf,0,0,0,0,0,18,0,0,0,0,0,"10,16,20,43",0,0,"10,28,42","28,42",0,0,0,0,0,0,0,0,0
PMD-CHIH-GUADALUPE.pdf,"32,36,37,59,60,69",0,0,0,0,39,0,0,0,0,0,0,0,0,"23,67",23,"36,37,59,60","36,37",58,0,0,0,0,0,0
PMD-CHIH-GUAZAPARES.pdf,36,39,"42,43",0,0,0,0,40,0,0,0,"12,19,37,42,43",0,0,"19,36,37,39,40,42","19,36,39,40,42",0,37,"36,37,38","32,36",35,0,0,42,0
PMD-CHIH-HIDALGO DEL PARRAL.pdf,"82,104",0,0,80,0,"9,12,13,17,80,82,84,87,97",0,"16,96",0,0,0,30,0,0,"15,20,21,22,23,24,25,26,27,35,36,37,44,59,76,80,82,86,91,96,100","20,21,22,23,24,25,26,27,35,36,37,44,59,76,82,86,91,96,100",82,0,0,"82,91,93,98,100,105,107",100,0,"12,80,85,87,96",0,0
PMD-CHIH-JUAREZ.pdf,"67,69,124,150,161,162,190,198,204,205,206,241,242",0,"126,192",19,0,"26,28,34,54,66,67,68,70,149,151,153,159,163,164,244,250",0,119,"105,143,162,163,175,000,000,000,000,000,000,000,000,000",0,0,"35,125,126,191,192",0,0,"18,48,66,67,69,89,92,119,120,121,122,123,126,137,138,143,151,162,163,173,184,185,191,192,212,213,244,250","18,48,66,67,69,89,92,119,120,121,122,123,126,137,138,143,151,162,163,173,184,185,191,192,212,213,244,250","67,69,124,161,190,198,204,205,206","105,120,204,205",0,"19,69,124,126,159,160,161,162,188,189,190,191,192,193","125,192",0,"18,26,34,67,68,69,162,163",35,0
PMD-CHIH-LαPEZ.pdf,0,"25,27",34,0,0,"12,30,35,36","26,27,34","43,44",0,43,0,"18,34,46,47",0,46,"11,13,21,23,25,26,27,43,44,45,46","13,21,23,26,43,44,46",0,"45,46","13,25,42,43","42,43",25,0,44,0,0
PMD-CHIH-MAGUARICHI.pdf,"54,55",0,59,0,0,0,0,"54,88",0,79,0,"9,38,59,60,61,79,80",0,54,"9,38,51,54,59,64,79,80,88","38,51,64,79,88",0,41,59,"58,59",0,0,0,0,0
PMD-CHIH-MANUEL BENAVIDES.pdf,0,0,0,0,0,0,0,0,0,0,0,0,0,0,0,0,0,0,0,0,0,0,0,0,0
PMD-CHIH-MATACH╓.pdf,0,0,0,0,0,0,0,0,0,0,0,0,0,0,0,0,0,0,0,0,0,0,0,0,0
PMD-CHIH-MATAMOROS.pdf,0,0,0,0,0,0,0,0,0,0,0,0,0,0,0,0,0,0,0,0,0,0,0,0,0
PMD-CHIH-MORIS.pdf,0,0,0,0,0,0,0,0,0,0,0,0,0,0,0,0,0,0,0,0,0,0,0,0,0
PMD-CHIH-NAMIQUIPA.pdf,0,0,0,0,0,0,0,0,0,0,0,0,0,0,0,0,0,0,0,0,0,0,0,0,0
PMD-CHIH-OCAMPO.pdf,"70,74",73,0,0,0,"23,33,69,117",73,0,"23,125",0,0,"23,59,70",0,0,"9,11,35,55,69,70,71,73,75,76,90,91","35,55,69,70,71,75,76,90,91",70,0,"72,75","23,70,73",74,70,24,0,0
PMD-CHIH-OJINAGA.pdf,31,0,0,0,0,"30,34",21,0,0,0,0,0,0,0,"7,12,17,18,19,21,30","12,17,18,19,21,30",0,0,12,"14,17",21,0,0,0,0
PMD-CHIH-PRAXEDISG. GUERRERO.pdf,"25,26,33",25,9,0,0,"8,13,34,35",0,0,0,0,0,"9,13",0,12,"19,33,35","19,33,35",33,25,24,"9,24,30",0,0,0,"9,13",0
PMD-CHIH-RIVA PALACIO.pdf,39,0,0,57,0,"16,64","55,56","38,41,59,64",59,0,"59,60,63,65",38,0,0,"40,58,59,60,61,62,63,64,65,66","40,59,60,61,62,63,64,65,66",0,54,0,31,0,0,"15,18,59,66",0,0
PMD-CHIH-ROSALES.pdf,"36,37",33,0,50,0,"34,43,45,46,49",33,0,0,0,0,"26,32",0,0,"13,26,29,33,34,35,36,40,48,52","13,26,29,33,34,35,36,48,52",0,"36,37","29,37,38,50,51",33,"32,34",0,35,0,0
PMD-CHIH-SANFCOCONCHOS.pdf,0,0,0,0,0,"48,49,59",0,"34,57",0,0,0,"35,36,56",0,0,"34,39,40,41,45,57,59,67","34,39,40,41,45,57,59",0,0,0,"57,59",0,0,0,0,0
PMD-CHIH-SANFRANCISCOORO.pdf,0,0,0,0,0,0,0,0,0,0,0,0,0,0,0,0,0,0,0,0,0,0,0,0,0
PMD-CHIH-SANTA B╡RBARA.pdf,"52,57",0,0,0,0,"15,56,92,93",0,"54,56",54,0,0,0,0,99,"29,30,49,52,54,56,57,63,95,96","29,30,49,54,56,63",0,0,54,0,54,0,0,0,0
PMD-CHIH-SATEVα.pdf,0,0,0,0,0,0,0,0,0,0,0,0,0,0,0,0,0,0,0,0,0,0,0,0,0
PMD-CHIH-SAUCILLO.pdf,0,0,31,0,0,"28,38",0,0,11,28,0,31,0,0,"7,11,14,25,28,31","11,14,25,28,31",0,0,14,0,0,0,0,0,0
PMD-CHIH-URIQUE.pdf,0,0,0,0,0,0,0,0,0,0,0,0,0,0,0,0,0,0,0,0,0,0,0,0,0
PMD-GRO-AZOYU.pdf,0,0,0,0,0,0,0,0,0,0,"3,27",0,0,0,"3,20,21,27,31","3,20,21,27,31",0,0,0,0,0,0,31,0,0
REGLAMENTO-CHIH-AHUMADA.pdf,"13,21",18,0,0,0,14,0,0,0,0,0,0,0,"11,18,19",0,0,0,0,0,0,0,0,0,0,0
REGLAMENTO-CHIH-BALLAEZA.pdf,0,0,0,0,0,0,0,0,0,0,0,0,0,0,0,0,0,0,0,0,0,0,0,0,0
REGLAMENTO-CHIH-CUAUHTEMOC.pdf,11,16,0,0,0,12,0,0,0,0,0,0,0,"9,16,17",0,0,0,0,0,0,0,0,0,0,0
REGLAMENTO-CHIH-DELICIAS.pdf,"64,196",0,107,0,0,"52,65,71,73",0,0,0,0,0,"56,107,108",0,"55,56","18,52,53,54,56,71","18,52,53,54,56,71",196,0,0,"23,26,56,71,196",0,0,"52,53,54,71,73","107,108",0
REGLAMENTO-CHIH-GALEANA.pdf,"13,26",20,0,0,0,0,0,0,0,0,0,0,0,"9,20,21,22",0,0,0,0,0,0,0,0,0,0,0
REGLAMENTOINTERNO-UT-TLALCHAPA.pdf,0,0,0,0,0,0,0,0,0,0,0,0,0,0,0,0,0,0,0,0,0,0,0,0,0
REGLAMENTO-OAX-Acatlán de Pérez Figueroa.pdf,0,0,0,0,0,0,0,0,0,0,0,0,0,0,0,0,0,0,0,0,0,0,0,0,0
REGLAMENTO-OAX-LOMABONITA.pdf,0,0,0,0,0,0,0,0,0,0,0,0,0,0,0,0,0,0,0,0,0,0,0,0,0
REGLAMENTOB-YUC-MAMA.pdf,0,0,0,0,0,0,0,0,0,0,0,0,0,0,0,0,0,0,0,0,0,0,0,0,0
REGLAMENTOB-YUC-MOTUL.pdf,0,17,0,0,0,0,14,0,0,0,0,2,0,"4,14,15,17","4,14,17,18","4,17,18",0,9,"4,9",0,0,0,0,0,0
REGLAMENTOB-YUCA-BUCTOTZ.pdf,0,"7,12",0,0,0,18,0,0,0,0,0,0,0,"7,13",0,0,0,0,0,0,0,0,0,0,0
REGLAMENTOBA-YUC-PETO.pdf,0,0,"2,7,12",11,0,"4,6",0,0,0,0,0,"2,7,12,13,14,18",0,"10,11",0,0,0,11,0,0,0,0,0,0,0
REGLAMENTOBANDO-CHIH-Rosario.pdf,"12,15",0,0,0,0,"5,16,18",0,"6,17,18",4,18,"3,6",0,0,"10,11,13","3,6,10,11,14,16,18,19","3,6,14,16,18,19",0,0,0,0,0,0,"5,6,15,18,19,22",0,0
REGLAMENTOBANDO-CHIH-VALLEZARAGOZA.pdf,"15,21",18,0,0,0,16,0,0,0,0,0,0,0,"13,18,19","74,75,76,89,91,92,95,96,98,99,100,101,102,103,104,105,106,107,109,111,112,113,115,116,117,118",0,0,0,0,0,0,0,0,0,0
REGLAMENTOBANDO-GRO-Cutzamala de Pinzón.pdf,0,0,0,0,0,0,0,0,0,0,0,0,0,"11,12,13",13,13,0,0,0,0,0,0,0,0,0
REGLAMENTOBANDO-VER-Citlaltépetl.pdf,0,0,0,0,0,0,0,0,0,0,0,0,0,0,0,0,0,0,0,0,0,0,0,0,0
REGLAMENTOBANDO-VER-IxhuacándelosReyes.pdf,0,8,0,0,0,0,0,0,0,0,0,0,0,"5,8,9,11,12","8,12","8,12",0,0,0,0,0,0,0,0,0
REGLAMENTOBANDO-VER-Jalacingo.pdf,0,0,0,0,0,0,0,0,0,0,0,0,0,0,0,0,0,0,0,0,0,0,0,0,0
REGLAMENTOBANDO-VER-Tonayán.pdf,0,26,0,0,0,0,0,0,0,0,0,0,0,"20,22,23,24,25","22,23,24,26","23,24,26",0,0,0,0,0,0,0,0,0
REGLAMENTOBANDO-VER-YANGA.pdf,0,0,0,0,0,0,0,0,0,0,0,0,0,"12,14,17,21",22,22,0,0,0,0,0,0,0,0,0
REGLAMENTOBANDO_VER_Tlacolulan.pdf,0,0,0,0,0,0,0,0,0,0,0,0,0,0,0,0,0,0,0,0,0,0,0,0,0
REGLAMENTOINT-CHIH-ALDAMA.pdf,0,0,0,0,0,0,0,0,0,0,0,0,0,0,17,0,0,0,0,0,0,0,0,0,0
REGLAMENTOINT-CHIH-SANTABARBARA.PDF,0,0,0,0,0,0,0,0,0,0,0,0,0,0,0,0,0,0,0,0,0,0,0,0,0
REGLAMENTOINT-GRO-LAUNIONDEISIDRO.pdf,0,0,0,0,0,0,0,0,0,0,0,0,0,0,0,0,0,0,0,0,0,0,0,0,0
REGLAMENTOINT-GRO-MARQUELIA.pdf,135,0,0,0,0,"135,158",0,0,0,0,0,0,0,0,0,0,135,0,0,0,0,0,0,0,0
REGLAMENTOINT-GRO-Metlatónoc.pdf,0,0,0,0,0,0,0,0,0,0,0,0,0,0,17,0,0,0,0,0,0,0,0,0,0
REGLAMENTOINT-GRO-Mochitlán.pdf,0,0,0,0,0,2,0,0,0,0,0,0,0,0,0,0,0,0,0,0,0,0,0,0,0
REGLAMENTOINT-GRO-San Miguel Totolapan.pdf,0,0,0,0,0,0,0,0,0,0,0,0,0,0,0,0,0,0,0,0,0,0,0,0,0
REGLAMENTOINT-GRO-TETIPAC.pdf,0,0,0,0,0,0,0,0,0,0,0,0,0,0,0,0,0,0,0,0,0,0,0,0,0
REGLAMENTOINT-VER-Alpatláhuac.pdf,74,0,0,0,0,70,0,0,0,0,0,0,0,0,0,0,0,0,0,0,74,0,0,0,0
REGLAMENTOINT-VER-Altotonga.pdf,0,0,6,0,0,"6,11",0,0,1,0,0,6,0,0,0,0,0,0,0,0,0,0,7,0,0
REGLAMENTOINT-VER-Amatlán de los Reyes.pdf,0,0,0,0,0,0,0,0,0,0,0,0,0,0,3,3,0,0,0,0,0,0,0,0,0
REGLAMENTOINT-VER-COETZALA.pdf,6,0,0,0,0,0,0,6,0,0,0,0,0,0,3,3,6,0,0,0,0,0,0,0,0
REGLAMENTOINT-VER-COTAXTLA.pdf,0,0,0,0,0,0,0,0,0,0,0,0,0,0,0,0,0,0,0,0,0,0,0,0,0
REGLAMENTOINT-VER-CarlosACarrillo.pdf,0,0,0,0,0,0,0,0,0,0,0,0,0,0,0,0,0,"1,2",0,0,0,0,0,0,0
REGLAMENTOINT-VER-ELHIGO.pdf,0,0,0,0,0,12,0,"10,18",0,0,0,0,0,12,18,18,0,0,0,0,0,0,0,0,0
REGLAMENTOINT-VER-OTEAPAN.pdf,29,0,24,0,0,"2,4,15,24,29",24,21,21,0,0,24,0,"15,24","9,21,24","9,21,24",29,29,0,0,0,0,0,0,0
REGLAMENTOINT-VER-SantiagoSochiapan.pdf,0,0,0,0,0,0,0,0,0,0,0,0,0,0,0,0,0,0,0,0,0,0,0,0,0
REGLAMENTOINT-VER-Tatatila.pdf,0,0,0,0,0,0,0,0,0,0,0,0,0,0,"2,11","2,11",0,0,0,0,0,0,0,0,0
REGLAMENTOINT-VER-Tenampa.pdf,0,0,0,0,0,"3,5",0,0,0,0,0,0,0,0,3,3,0,0,0,0,0,0,0,0,0
REGLAMENTOINT-VER-Texhuacán.pdf,0,0,0,0,0,0,0,0,0,0,0,0,0,0,0,0,0,0,0,0,0,0,0,0,0
REGLAMENTOINT-VER-Zaragoza.pdf,0,0,0,0,0,0,0,0,0,0,0,0,0,0,0,0,0,0,0,0,0,0,0,0,0
REGLAMENTOINT-VER-Zontecomatlánde López y Fuentes.pdf,0,0,0,0,0,0,0,0,0,0,0,0,0,0,0,0,0,0,0,0,0,0,0,0,0
REGLAMENTOINT-YUC-BOKOB╡.pdf,0,0,0,0,0,"32,35,50",0,0,0,0,0,0,0,54,46,0,0,0,0,49,0,0,0,0,0
REGLAMENTOINT-YUC-Kanasín.pdf,0,0,0,0,0,0,0,0,0,0,0,0,0,0,0,0,0,0,0,0,0,0,0,0,0
REGLAMENTOINT-YUC-R╓OLAGARTOS.pdf,0,0,0,0,0,0,0,0,0,0,0,0,0,0,0,0,0,0,0,0,0,0,0,0,0
REGLAMENTOINT_VER_EMILIANOZAPATA.pdf,"2,34,35,36,37,39,41,42",76,0,0,0,"3,14,15,16,17,38,40,79",0,0,102,0,0,78,0,0,"68,76,102,103","76,102,103",0,76,"76,77,82",0,0,0,102,0,0
REGLAMENTOPOL-CHIH-FRONTERAHIDALGO.pdf,"21,23,58","11,12,24",0,0,0,"2,6,10,13",57,0,0,0,0,59,0,"22,27,57","21,57",57,0,0,0,0,0,0,0,0,0
REGLAMENTOPOL_VER_Soconusco.pdf,0,0,0,0,0,"2,14,15",0,0,0,0,0,0,0,0,0,0,0,0,0,0,0,0,0,0,0
REGLAMENTOPOL_VER_tierrablanca.pdf,0,0,0,0,0,0,0,0,0,0,0,0,0,0,0,0,0,0,0,0,0,0,0,0,0
REGLAMENTOPR-CHIH-BUENAVENTURA.pdf,0,0,0,0,0,0,0,0,0,0,0,0,0,0,0,0,0,0,0,0,0,0,0,0,0
REGLAMENTOPR-VER-╡lamo Temapache.pdf,0,0,0,0,0,0,0,0,0,0,0,0,0,0,0,0,0,0,0,0,0,0,0,0,0
REGLAMENTOSEG-VER-MEDELLIN.pdf,0,0,0,0,0,0,0,0,0,0,0,0,0,25,0,0,0,0,0,0,0,0,0,0,0
ReglamentoInt-ver-Ixtaczoquitlán.pdf,0,0,0,0,0,"2,7,8,9,17,28",0,"4,7,17",0,0,0,0,0,0,4,4,0,0,"4,22",0,0,0,0,0,0
ReglamentoSeguridad-VER-Zongolica.pdf,0,"14,26,27",0,0,0,0,"25,26,29,40",0,0,0,0,0,14,17,0,0,0,0,0,0,0,0,0,0,0
